Carrier Code,Date (MM/DD/YYYY),Flight Number,Tail Number,Destination Airport,Scheduled departure time,Actual departure time,Scheduled elapsed time (Minutes),Actual elapsed time (Minutes),Departure delay (Minutes),Wheels-off time,Taxi-Out time (Minutes),Delay Carrier (Minutes),Delay Weather (Minutes),Delay National Aviation System (Minutes),Delay Security (Minutes),Delay Late Aircraft Arrival (Minutes)
OH,01-01-2019,5040,N725PS,RDU,15:30,15:24,124,107,-6,15:52,28,0,0,0,0,0
OH,01-01-2019,5186,N241PS,PIT,15:50,15:50,117,112,0,16:23,33,0,0,0,0,0
OH,01-01-2019,5295,N708PS,DCA,17:15,17:14,86,70,-1,17:34,20,0,0,0,0,0
OH,01-01-2019,5511,N241PS,RDU,08:19,08:23,121,100,4,08:38,15,0,0,0,0,0
OH,01-02-2019,5040,N511AE,RDU,15:30,15:25,124,124,-5,16:03,38,0,0,0,0,0
OH,01-02-2019,5186,N206PS,PIT,15:50,15:54,117,116,4,16:23,29,0,0,0,0,0
OH,01-02-2019,5295,N517AE,DCA,17:15,17:10,86,67,-5,17:27,17,0,0,0,0,0
OH,01-02-2019,5511,N206PS,RDU,08:19,08:16,121,107,-3,08:35,19,0,0,0,0,0
OH,01-03-2019,5040,N501BG,RDU,15:30,15:30,124,112,0,15:58,28,0,0,0,0,0
OH,01-03-2019,5186,N228PS,PIT,15:50,15:53,117,107,3,16:19,26,0,0,0,0,0
OH,01-03-2019,5295,N511AE,DCA,17:15,17:10,86,61,-5,17:25,15,0,0,0,0,0
OH,01-03-2019,5511,N228PS,RDU,08:19,08:13,121,114,-6,08:38,25,0,0,0,0,0
OH,01-04-2019,5040,N545PB,RDU,15:30,15:21,124,113,-9,15:54,33,0,0,0,0,0
OH,01-04-2019,5186,N230PS,PIT,15:50,15:46,117,114,-4,16:22,36,0,0,0,0,0
OH,01-04-2019,5295,N503AE,DCA,17:15,17:10,86,61,-5,17:24,14,0,0,0,0,0
OH,01-04-2019,5511,N230PS,RDU,08:19,08:12,121,103,-7,08:35,23,0,0,0,0,0
OH,01-05-2018,5019,N511AE,DCA,21:30,00:00,80,0,0,00:00,0,0,0,0,0,0
OH,01-05-2019,5040,N545PB,RDU,15:30,15:26,124,91,-4,15:43,17,0,0,0,0,0
OH,01-05-2019,5186,N209PS,PIT,15:50,15:48,117,93,-2,16:07,19,0,0,0,0,0
OH,01-05-2019,5365,N545PB,DCA,10:51,10:51,81,66,0,11:10,19,0,0,0,0,0
OH,01-05-2019,5511,N209PS,RDU,08:19,08:43,121,99,24,09:08,25,0,0,0,0,0
OH,01-06-2019,5040,N512AE,RDU,15:30,15:32,110,102,2,15:59,27,0,0,0,0,0
OH,01-06-2019,5295,N518AE,DCA,17:15,17:14,81,79,-1,17:38,24,0,0,0,0,0
OH,01-07-2018,5019,N513AE,DCA,21:30,00:00,80,0,0,00:00,0,0,0,0,0,0
OH,01-07-2019,5040,N512AE,RDU,15:30,15:29,110,99,-1,15:48,19,0,0,0,0,0
OH,01-07-2019,5295,N539EA,DCA,17:15,17:15,81,74,0,17:36,21,0,0,0,0,0
OH,01-08-2018,5019,N514AE,DCA,21:31,00:00,85,0,0,00:00,0,0,0,0,0,0
OH,01-08-2019,5040,N511AE,RDU,15:30,15:25,110,108,-5,15:43,18,0,0,0,0,0
OH,01-08-2019,5295,N706PS,DCA,17:15,17:10,81,74,-5,17:28,18,0,0,0,0,0
OH,01-09-2018,5019,N710PS,DCA,21:31,21:42,85,65,11,21:54,12,0,0,0,0,0
OH,01-09-2019,5040,N537EA,RDU,15:30,15:23,110,103,-7,15:46,23,0,0,0,0,0
OH,01-09-2019,5295,N510AE,DCA,17:15,17:08,81,76,-7,17:30,22,0,0,0,0,0
OH,01-10-2018,5019,N718PS,DCA,21:31,21:21,85,68,-10,21:45,24,0,0,0,0,0
OH,01-10-2019,5040,N723PS,RDU,15:30,15:38,110,105,8,16:12,34,0,0,0,0,0
OH,01-10-2019,5295,N571NN,DCA,17:15,17:16,81,87,1,17:52,36,0,0,0,0,0
OH,01-11-2018,5019,N502AE,DCA,21:31,22:05,85,75,34,22:28,23,0,0,0,0,24
OH,01-11-2019,5040,N534EA,RDU,15:30,15:23,110,106,-7,15:51,28,0,0,0,0,0
OH,01-11-2019,5295,N506AE,DCA,17:15,17:15,81,97,0,17:58,43,0,0,16,0,0
OH,01-12-2018,5019,N708PS,DCA,21:31,00:00,85,0,0,00:00,0,0,0,0,0,0
OH,01-12-2019,5040,N503AE,RDU,15:30,15:25,110,106,-5,15:48,23,0,0,0,0,0
OH,01-12-2019,5365,N540EA,DCA,10:51,10:47,73,66,-4,11:05,18,0,0,0,0,0
OH,01/13/2018,5019,N517AE,DCA,21:31,21:24,85,69,-7,21:43,19,0,0,0,0,0
OH,01/13/2019,5040,N702PS,RDU,15:30,15:32,110,96,2,15:45,13,0,0,0,0,0
OH,01/13/2019,5295,N540EA,DCA,17:15,00:00,81,0,0,00:00,0,0,0,0,0,0
OH,01/14/2018,5019,N708PS,DCA,21:31,23:06,85,65,95,23:25,19,0,0,0,0,75
OH,01/14/2019,5040,N540EA,RDU,15:30,15:21,110,103,-9,15:44,23,0,0,0,0,0
OH,01/14/2019,5295,N705PS,DCA,17:15,17:10,81,70,-5,17:28,18,0,0,0,0,0
OH,01/15/2018,5019,N544AE,DCA,21:31,21:37,85,74,6,21:54,17,0,0,0,0,0
OH,01/15/2019,5040,N544AE,RDU,15:30,15:27,110,114,-3,16:01,34,0,0,0,0,0
OH,01/15/2019,5295,N517AE,DCA,17:15,17:15,81,67,0,17:36,21,0,0,0,0,0
OH,01/16/2018,5019,N514AE,DCA,21:31,21:27,85,63,-4,21:43,16,0,0,0,0,0
OH,01/16/2019,5040,N525EA,RDU,15:30,15:24,110,108,-6,15:58,34,0,0,0,0,0
OH,01/16/2019,5295,N510AE,DCA,17:15,17:13,81,76,-2,17:27,14,0,0,0,0,0
OH,01/17/2018,5019,N703PS,DCA,21:31,00:35,85,123,184,00:46,11,0,0,38,0,184
OH,01/17/2019,5040,N710PS,RDU,15:30,15:26,110,97,-4,15:46,20,0,0,0,0,0
OH,01/17/2019,5295,N508AE,DCA,17:15,17:11,81,69,-4,17:31,20,0,0,0,0,0
OH,01/18/2018,5019,N514AE,DCA,21:31,21:49,85,70,18,22:09,20,0,0,0,0,0
OH,01/18/2019,5040,N706PS,RDU,15:30,15:30,110,128,0,16:06,36,0,0,18,0,0
OH,01/18/2019,5295,N504AE,DCA,17:15,17:16,81,78,1,17:34,18,0,0,0,0,0
OH,01/19/2018,5019,N513AE,DCA,21:31,21:48,85,72,17,22:12,24,0,0,0,0,0
OH,01/19/2019,5040,N709PS,RDU,15:30,15:42,110,117,12,16:15,33,12,0,7,0,0
OH,01/19/2019,5365,N709PS,DCA,10:51,10:50,73,75,-1,11:09,19,0,0,0,0,0
OH,01/20/2018,5019,N513AE,DCA,21:31,21:16,85,64,-15,21:33,17,0,0,0,0,0
OH,01/20/2019,5040,N508AE,RDU,15:30,15:23,110,143,-7,16:12,49,0,0,26,0,0
OH,01/20/2019,5295,N511AE,DCA,17:15,18:10,81,65,55,18:26,16,0,0,0,0,39
OH,01/21/2018,5019,N708PS,DCA,21:31,21:34,85,69,3,21:45,11,0,0,0,0,0
OH,01/21/2019,5040,N710PS,RDU,15:30,15:27,110,128,-3,16:10,43,0,0,15,0,0
OH,01/21/2019,5295,N546FF,DCA,17:15,20:07,81,101,172,20:30,23,0,9,20,0,163
OH,01/22/2018,5019,N514AE,DCA,21:31,21:28,85,75,-3,21:50,22,0,0,0,0,0
OH,01/22/2019,5040,N518AE,RDU,15:30,15:25,110,104,-5,15:51,26,0,0,0,0,0
OH,01/22/2019,5295,N530EA,DCA,17:15,17:16,81,66,1,17:30,14,0,0,0,0,0
OH,01/23/2018,5019,N206PS,DCA,21:31,21:33,85,74,2,21:55,22,0,0,0,0,0
OH,01/23/2019,5040,N530EA,RDU,15:30,15:27,110,102,-3,15:47,20,0,0,0,0,0
OH,01/23/2019,5295,N510AE,DCA,17:15,17:10,81,79,-5,17:24,14,0,0,0,0,0
OH,01/24/2018,5019,N514AE,DCA,21:31,21:24,85,73,-7,21:46,22,0,0,0,0,0
OH,01/24/2019,5040,N718PS,RDU,15:30,00:00,110,0,0,00:00,0,0,0,0,0,0
OH,01/24/2019,5295,N512AE,DCA,17:15,17:14,81,74,-1,17:36,22,0,0,0,0,0
OH,01/25/2018,5019,N702PS,DCA,21:31,21:26,85,61,-5,21:41,15,0,0,0,0,0
OH,01/25/2019,5040,N519AE,RDU,15:30,20:47,110,106,317,21:10,23,118,0,0,0,195
OH,01/25/2019,5295,N537EA,DCA,17:15,17:11,81,66,-4,17:28,17,0,0,0,0,0
OH,01/26/2018,5019,N534EA,DCA,21:31,23:32,85,71,121,23:56,24,0,0,0,0,107
OH,01/26/2019,5040,N524EA,RDU,15:30,15:34,110,107,4,15:52,18,0,0,0,0,0
OH,01/26/2019,5365,N530EA,DCA,10:51,12:33,73,65,102,12:49,16,0,0,0,0,94
OH,01/27/2018,5019,N534EA,DCA,21:31,21:33,85,66,2,21:47,14,0,0,0,0,0
OH,01/27/2019,5040,N512AE,RDU,15:30,15:23,110,112,-7,15:41,18,0,0,0,0,0
OH,01/27/2019,5295,N710PS,DCA,17:15,17:11,81,68,-4,17:29,18,0,0,0,0,0
OH,01/28/2018,5019,N725PS,DCA,21:31,21:23,85,70,-8,21:32,9,0,0,0,0,0
OH,01/28/2019,5040,N723PS,RDU,15:30,15:27,110,99,-3,15:50,23,0,0,0,0,0
OH,01/28/2019,5295,N702PS,DCA,17:15,17:11,81,60,-4,17:23,12,0,0,0,0,0
OH,01/29/2018,5019,N534EA,DCA,21:31,21:59,85,67,28,22:18,19,0,0,0,0,0
OH,01/29/2019,5040,N261PS,RDU,15:30,16:41,110,111,71,17:06,25,1,0,1,0,70
OH,01/29/2019,5295,N540EA,DCA,17:15,17:29,81,86,14,17:56,27,0,0,6,0,13
OH,01/30/2018,5019,N710PS,DCA,21:31,21:27,85,71,-4,21:50,23,0,0,0,0,0
OH,01/30/2019,5040,N518AE,RDU,15:30,15:24,110,103,-6,15:42,18,0,0,0,0,0
OH,01/30/2019,5295,N511AE,DCA,17:15,17:14,81,120,-1,18:16,62,0,0,38,0,0
OH,01/31/2018,5019,N712PS,DCA,21:31,21:30,85,63,-1,21:43,13,0,0,0,0,0
OH,01/31/2019,5040,N708PS,RDU,15:30,15:26,110,111,-4,15:51,25,0,0,0,0,0
OH,01/31/2019,5295,N539EA,DCA,17:15,17:12,81,63,-3,17:26,14,0,0,0,0,0
OH,02-01-2018,5019,N511AE,DCA,21:31,21:27,85,69,-4,21:40,13,0,0,0,0,0
OH,02-01-2019,5040,N539EA,RDU,15:30,17:37,110,93,127,17:54,17,0,0,0,0,110
OH,02-01-2019,5295,N525EA,DCA,17:15,21:46,81,89,271,22:02,16,0,0,8,0,271
OH,02-02-2018,5019,N708PS,DCA,21:31,00:00,85,0,0,00:00,0,0,0,0,0,0
OH,02-02-2019,5040,N525EA,RDU,15:30,15:27,110,92,-3,15:47,20,0,0,0,0,0
OH,02-02-2019,5365,N525EA,DCA,10:51,10:51,73,66,0,11:10,19,0,0,0,0,0
OH,02-03-2018,5019,N703PS,DCA,21:31,21:29,85,55,-2,21:36,7,0,0,0,0,0
OH,02-03-2019,5040,N525EA,RDU,15:30,15:24,110,91,-6,15:40,16,0,0,0,0,0
OH,02-03-2019,5295,N505AE,DCA,17:15,17:09,81,67,-6,17:24,15,0,0,0,0,0
OH,02-04-2018,5019,N539EA,DCA,21:31,21:58,85,66,27,22:12,14,0,0,0,0,0
OH,02-04-2019,5040,N521AE,RDU,15:30,15:20,110,93,-10,15:33,13,0,0,0,0,0
OH,02-04-2019,5295,N705PS,DCA,17:15,17:11,81,59,-4,17:26,15,0,0,0,0,0
OH,02-05-2018,5019,N500AE,DCA,21:31,21:39,85,70,8,22:04,25,0,0,0,0,0
OH,02-05-2019,5040,N540EA,RDU,15:30,15:25,110,104,-5,15:56,31,0,0,0,0,0
OH,02-05-2019,5295,N525EA,DCA,17:15,17:10,81,64,-5,17:25,15,0,0,0,0,0
OH,02-06-2018,5019,N544AE,DCA,21:31,21:26,85,64,-5,21:42,16,0,0,0,0,0
OH,02-06-2019,5040,N507AE,RDU,15:30,15:25,110,97,-5,15:41,16,0,0,0,0,0
OH,02-06-2019,5295,N705PS,DCA,17:15,17:13,81,62,-2,17:26,13,0,0,0,0,0
OH,02-07-2018,5019,N546FF,DCA,21:31,21:26,85,78,-5,21:47,21,0,0,0,0,0
OH,02-07-2019,5040,N719PS,RDU,15:30,15:25,110,98,-5,15:46,21,0,0,0,0,0
OH,02-07-2019,5295,N705PS,DCA,17:15,17:10,81,79,-5,17:21,11,0,0,0,0,0
OH,02-08-2018,5019,N515AE,DCA,21:31,21:26,85,63,-5,21:39,13,0,0,0,0,0
OH,02-08-2019,5040,N708PS,RDU,15:30,15:29,110,137,-1,16:18,49,0,0,26,0,0
OH,02-08-2019,5295,N512AE,DCA,17:15,17:09,81,118,-6,18:03,54,0,0,31,0,0
OH,02-09-2018,5019,N705PS,DCA,21:31,21:33,85,64,2,21:48,15,0,0,0,0,0
OH,02-09-2019,5040,N501BG,RDU,15:30,15:30,110,107,0,15:51,21,0,0,0,0,0
OH,02-09-2019,5365,N515AE,DCA,10:51,10:51,73,72,0,11:08,17,0,0,0,0,0
OH,02-10-2018,5019,N501AE,DCA,21:31,21:39,85,61,8,21:51,12,0,0,0,0,0
OH,02-10-2019,5040,N719PS,RDU,15:30,15:23,110,113,-7,15:55,32,0,0,0,0,0
OH,02-10-2019,5295,N509AE,DCA,17:15,17:08,81,71,-7,17:29,21,0,0,0,0,0
OH,02-11-2018,5019,N546FF,DCA,21:31,23:27,85,61,116,23:40,13,0,0,0,0,92
OH,02-11-2019,5040,N512AE,RDU,15:30,15:29,110,105,-1,15:56,27,0,0,0,0,0
OH,02-11-2019,5295,N710PS,DCA,17:15,17:14,81,64,-1,17:29,15,0,0,0,0,0
OH,02-12-2018,5019,N708PS,DCA,21:31,21:29,85,69,-2,21:54,25,0,0,0,0,0
OH,02-12-2019,5040,N516AE,RDU,15:30,15:27,110,138,-3,16:22,55,0,0,25,0,0
OH,02-12-2019,5295,N513AE,DCA,17:15,00:00,81,0,0,00:00,0,0,0,0,0,0
OH,02/13/2018,5019,N725PS,DCA,21:31,22:37,85,72,66,23:04,27,0,0,0,0,53
OH,02/13/2019,5040,N710PS,RDU,15:30,15:25,110,126,-5,15:54,29,0,0,0,0,0
OH,02/13/2019,5295,N708PS,DCA,17:15,17:08,81,85,-7,17:36,28,0,0,0,0,0
OH,02/14/2018,5019,N709PS,DCA,21:31,21:28,85,70,-3,21:43,15,0,0,0,0,0
OH,02/14/2019,5040,N520DC,RDU,15:30,17:02,110,91,92,17:19,17,0,0,73,0,0
OH,02/14/2019,5295,N716PS,DCA,17:15,17:11,81,68,-4,17:26,15,0,0,0,0,0
OH,02/15/2018,5019,N705PS,DCA,21:34,22:10,86,82,36,22:39,29,0,0,0,0,32
OH,02/15/2019,5040,N548NN,RDU,15:30,22:29,110,89,419,22:45,16,0,0,4,0,394
OH,02/15/2019,5295,N507AE,DCA,17:15,17:11,81,62,-4,17:23,12,0,0,0,0,0
OH,02/16/2018,5019,N544AE,DCA,21:34,00:00,86,0,0,00:00,0,0,0,0,0,0
OH,02/16/2019,5016,N500AE,DCA,11:16,11:15,74,74,-1,11:42,27,0,0,0,0,0
OH,02/16/2019,5040,N504AE,RDU,15:30,15:25,110,104,-5,15:46,21,0,0,0,0,0
OH,02/17/2018,5019,N719PS,DCA,21:34,22:14,83,104,40,23:07,53,0,4,21,0,36
OH,02/17/2019,5040,N516AE,RDU,15:30,16:32,110,111,62,16:44,12,0,0,1,0,62
OH,02/17/2019,5295,N518AE,DCA,17:15,00:00,81,0,0,00:00,0,0,0,0,0,0
OH,02/18/2018,5019,N539EA,DCA,21:34,21:23,86,101,-11,21:40,17,0,0,0,0,0
OH,02/18/2019,5040,N503AE,RDU,15:30,15:25,110,115,-5,15:47,22,0,0,0,0,0
OH,02/18/2019,5295,N504AE,DCA,17:15,17:26,81,75,11,17:50,24,0,0,0,0,0
OH,02/19/2018,5019,N503AE,DCA,21:34,23:02,86,79,88,23:32,30,0,0,0,0,81
OH,02/19/2019,5040,N510AE,RDU,15:30,15:26,110,118,-4,15:56,30,0,0,0,0,0
OH,02/19/2019,5295,N505AE,DCA,17:15,17:17,81,72,2,17:39,22,0,0,0,0,0
OH,02/20/2018,5019,N501AE,DCA,21:34,21:49,86,81,15,22:20,31,0,0,0,0,0
OH,02/20/2019,5040,N504AE,RDU,15:30,00:00,110,0,0,00:00,0,0,0,0,0,0
OH,02/20/2019,5295,,DCA,17:15,00:00,81,0,0,00:00,0,0,0,0,0,0
OH,02/21/2018,5019,N546FF,DCA,21:34,21:24,86,71,-10,21:37,13,0,0,0,0,0
OH,02/21/2019,5040,N521AE,RDU,15:30,15:28,110,124,-2,16:08,40,0,0,0,0,0
OH,02/21/2019,5295,N537EA,DCA,17:15,17:12,81,90,-3,17:44,32,0,0,0,0,0
OH,02/22/2018,5019,N502AE,DCA,21:34,22:05,86,66,31,22:17,12,0,0,0,0,0
OH,02/22/2019,5040,N501BG,RDU,15:30,15:24,110,132,-6,16:04,40,0,0,16,0,0
OH,02/22/2019,5295,,DCA,17:15,00:00,81,0,0,00:00,0,0,0,0,0,0
OH,02/23/2018,5019,N511AE,DCA,21:34,21:29,86,73,-5,21:42,13,0,0,0,0,0
OH,02/23/2019,5016,N537EA,DCA,11:16,11:14,74,76,-2,11:40,26,0,0,0,0,0
OH,02/23/2019,5040,N537EA,RDU,15:30,15:25,110,105,-5,15:39,14,0,0,0,0,0
OH,02/24/2018,5019,N546FF,DCA,21:34,23:14,83,61,100,23:29,15,0,0,0,0,78
OH,02/24/2019,5040,N515AE,RDU,15:30,17:19,110,106,109,17:35,16,0,0,10,0,95
OH,02/24/2019,5295,,DCA,17:15,00:00,81,0,0,00:00,0,0,0,0,0,0
OH,02/25/2018,5019,N708PS,DCA,21:34,22:07,86,76,33,22:27,20,0,0,0,0,23
OH,02/25/2019,5040,N506AE,RDU,15:30,00:00,110,0,0,00:00,0,0,0,0,0,0
OH,02/25/2019,5295,,DCA,17:15,00:00,81,0,0,00:00,0,0,0,0,0,0
OH,02/26/2018,5019,N510AE,DCA,21:34,21:46,86,64,12,22:03,17,0,0,0,0,0
OH,02/26/2019,5040,N712PS,RDU,15:30,15:26,110,109,-4,15:57,31,0,0,0,0,0
OH,02/26/2019,5295,,DCA,17:15,00:00,81,0,0,00:00,0,0,0,0,0,0
OH,02/27/2018,5019,N708PS,DCA,21:34,21:33,86,58,-1,21:43,10,0,0,0,0,0
OH,02/27/2019,5040,N710PS,RDU,15:30,15:21,110,92,-9,15:38,17,0,0,0,0,0
OH,02/27/2019,5295,,DCA,17:15,00:00,81,0,0,00:00,0,0,0,0,0,0
OH,02/28/2018,5019,N546FF,DCA,21:34,21:30,86,67,-4,21:49,19,0,0,0,0,0
OH,02/28/2019,5040,N723PS,RDU,15:30,15:26,110,114,-4,15:58,32,0,0,0,0,0
OH,02/28/2019,5295,,DCA,17:15,00:00,81,0,0,00:00,0,0,0,0,0,0
OH,03-01-2018,5019,N723PS,DCA,21:34,21:55,86,94,21,22:27,32,0,0,8,0,21
OH,03-01-2019,5040,N506AE,RDU,15:30,15:25,110,126,-5,16:02,37,0,0,0,0,0
OH,03-01-2019,5295,,DCA,17:15,00:00,81,0,0,00:00,0,0,0,0,0,0
OH,03-02-2018,5019,,DCA,21:34,00:00,86,0,0,00:00,0,0,0,0,0,0
OH,03-02-2019,5016,N539EA,DCA,11:16,11:08,74,77,-8,11:38,30,0,0,0,0,0
OH,03-02-2019,5040,N539EA,RDU,15:30,15:24,110,98,-6,15:41,17,0,0,0,0,0
OH,03-03-2018,5019,N516AE,DCA,21:34,21:31,83,58,-3,21:44,13,0,0,0,0,0
OH,03-03-2019,5040,N566NN,RDU,15:30,15:29,117,118,-1,15:56,27,0,0,0,0,0
OH,03-03-2019,5295,N539EA,DCA,17:15,00:00,89,0,0,00:00,0,0,0,0,0,0
OH,03-04-2018,5019,N723PS,DCA,21:30,22:58,85,63,88,23:16,18,0,0,0,0,66
OH,03-04-2019,5040,N545PB,RDU,15:30,15:27,117,119,-3,15:49,22,0,0,0,0,0
OH,03-04-2019,5295,N526EA,DCA,17:15,17:08,89,64,-7,17:22,14,0,0,0,0,0
OH,03-05-2018,5019,N712PS,DCA,21:30,21:57,85,59,27,22:08,11,0,0,0,0,0
OH,03-05-2019,5040,N525EA,RDU,15:30,15:24,117,98,-6,15:39,15,0,0,0,0,0
OH,03-05-2019,5295,N526EA,DCA,17:15,17:14,89,68,-1,17:28,14,0,0,0,0,0
OH,03-06-2018,5019,N540EA,DCA,21:30,21:25,85,129,-5,21:44,19,0,0,39,0,0
OH,03-06-2019,5040,N705PS,RDU,15:30,15:26,117,111,-4,16:03,37,0,0,0,0,0
OH,03-06-2019,5295,N708PS,DCA,17:15,17:09,89,76,-6,17:34,25,0,0,0,0,0
OH,03-07-2018,5019,,DCA,21:30,00:00,85,0,0,00:00,0,0,0,0,0,0
OH,03-07-2019,5040,N708PS,RDU,15:30,15:24,117,109,-6,15:53,29,0,0,0,0,0
OH,03-07-2019,5295,N504AE,DCA,17:15,17:15,89,69,0,17:28,13,0,0,0,0,0
OH,03-08-2018,5019,N703PS,DCA,21:30,21:56,85,60,26,22:10,14,0,0,0,0,0
OH,03-08-2019,5040,N504AE,RDU,15:30,15:24,117,88,-6,15:37,13,0,0,0,0,0
OH,03-08-2019,5295,N519AE,DCA,17:15,17:12,89,73,-3,17:27,15,0,0,0,0,0
OH,03-09-2018,5019,N511AE,DCA,21:30,23:09,85,64,99,23:24,15,0,0,1,0,77
OH,03-09-2019,5016,N706PS,DCA,11:14,11:04,78,67,-10,11:18,14,0,0,0,0,0
OH,03-09-2019,5040,N520DC,RDU,15:22,17:00,117,106,98,17:25,25,0,0,0,0,87
OH,03-10-2018,5019,N512AE,DCA,21:30,21:21,85,78,-9,21:47,26,0,0,0,0,0
OH,03-10-2019,5040,N710PS,RDU,15:30,15:29,117,100,-1,15:50,21,0,0,0,0,0
OH,03-10-2019,5295,N712PS,DCA,17:15,17:17,89,73,2,17:34,17,0,0,0,0,0
OH,03-11-2018,5019,N517AE,DCA,21:30,23:36,85,58,126,23:51,15,0,0,0,0,99
OH,03-11-2019,5040,N706PS,RDU,15:30,15:25,117,110,-5,15:48,23,0,0,0,0,0
OH,03-11-2019,5295,N526EA,DCA,17:15,19:50,89,100,155,20:31,41,0,0,11,0,155
OH,03-12-2018,5019,N525EA,DCA,21:30,21:33,85,101,3,22:12,39,0,0,16,0,3
OH,03-12-2019,5040,N509AE,RDU,15:30,15:29,117,98,-1,15:54,25,0,0,0,0,0
OH,03-12-2019,5295,N712PS,DCA,17:15,17:09,89,61,-6,17:25,16,0,0,0,0,0
OH,03/13/2018,5019,N510AE,DCA,21:30,21:46,85,60,16,22:03,17,0,0,0,0,0
OH,03/13/2019,5040,N705PS,RDU,15:30,15:25,117,86,-5,15:41,16,0,0,0,0,0
OH,03/13/2019,5295,N516AE,DCA,17:15,18:05,89,72,50,18:26,21,0,0,0,0,33
OH,03/14/2018,5019,N514AE,DCA,21:30,23:20,85,64,110,23:40,20,0,0,6,0,83
OH,03/14/2019,5040,N719PS,RDU,15:30,15:24,117,91,-6,15:47,23,0,0,0,0,0
OH,03/14/2019,5295,N705PS,DCA,17:15,19:25,89,63,130,19:39,14,27,0,0,0,77
OH,03/15/2018,5019,N708PS,DCA,21:30,21:30,85,68,0,21:55,25,0,0,0,0,0
OH,03/15/2019,5040,N544AE,RDU,15:30,15:39,117,124,9,16:09,30,0,0,7,0,9
OH,03/15/2019,5295,N540EA,DCA,17:15,17:10,89,92,-5,17:47,37,0,0,0,0,0
OH,03/16/2018,5019,N710PS,DCA,21:30,21:29,85,88,-1,22:12,43,0,0,0,0,0
OH,03/16/2019,5016,N515AE,DCA,11:14,11:11,78,67,-3,11:28,17,0,0,0,0,0
OH,03/16/2019,5040,N515AE,RDU,15:22,15:21,117,126,-1,15:53,32,0,0,0,0,0
OH,03/17/2018,5019,N515AE,DCA,21:30,21:28,85,68,-2,21:49,21,0,0,0,0,0
OH,03/17/2019,5040,N712PS,RDU,15:30,15:23,117,119,-7,15:57,34,0,0,0,0,0
OH,03/17/2019,5295,N725PS,DCA,17:15,17:12,89,88,-3,17:45,33,0,0,0,0,0
OH,03/18/2018,5019,N719PS,DCA,21:30,21:28,85,54,-2,21:39,11,0,0,0,0,0
OH,03/18/2019,5040,N719PS,RDU,15:30,15:23,117,127,-7,16:00,37,0,0,0,0,0
OH,03/18/2019,5295,N539EA,DCA,17:15,17:10,89,56,-5,17:21,11,0,0,0,0,0
OH,03/19/2018,5019,N509AE,DCA,21:30,21:27,85,71,-3,21:39,12,0,0,0,0,0
OH,03/19/2019,5040,N511AE,RDU,15:30,15:25,117,102,-5,15:45,20,0,0,0,0,0
OH,03/19/2019,5295,N534AE,DCA,17:15,17:12,89,59,-3,17:24,12,0,0,0,0,0
OH,03/20/2018,5019,N516AE,DCA,21:30,00:00,85,0,0,00:00,0,0,0,0,0,0
OH,03/20/2019,5040,N708PS,RDU,15:30,15:30,117,114,0,15:54,24,0,0,0,0,0
OH,03/20/2019,5295,N719PS,DCA,17:15,17:11,89,72,-4,17:29,18,0,0,0,0,0
OH,03/21/2018,5019,,DCA,21:30,00:00,85,0,0,00:00,0,0,0,0,0,0
OH,03/21/2019,5040,N719PS,RDU,15:30,15:27,117,132,-3,16:17,50,0,0,0,0,0
OH,03/21/2019,5295,N500AE,DCA,17:15,17:06,89,100,-9,17:50,44,0,0,0,0,0
OH,03/22/2018,5019,N718PS,DCA,21:30,22:39,85,67,69,23:03,24,0,0,0,0,51
OH,03/22/2019,5040,N521AE,RDU,15:30,15:33,117,101,3,15:54,21,0,0,0,0,0
OH,03/22/2019,5295,N530EA,DCA,17:15,17:10,89,79,-5,17:35,25,0,0,0,0,0
OH,03/23/2018,5019,N517AE,DCA,21:30,22:47,85,64,77,23:09,22,0,0,0,0,56
OH,03/23/2019,5016,N524AE,DCA,11:14,11:12,78,68,-2,11:29,17,0,0,0,0,0
OH,03/23/2019,5040,N716PS,RDU,15:22,00:00,117,0,0,00:00,0,0,0,0,0,0
OH,03/24/2018,5019,N516AE,DCA,21:30,21:32,85,53,2,21:41,9,0,0,0,0,0
OH,03/24/2019,5040,N501BG,RDU,15:30,16:38,117,116,68,16:53,15,0,0,0,0,67
OH,03/24/2019,5295,N513AE,DCA,17:15,17:13,89,76,-2,17:36,23,0,0,0,0,0
OH,03/25/2018,5019,N546FF,DCA,21:30,21:25,85,87,-5,22:02,37,0,0,0,0,0
OH,03/25/2019,5040,N519AE,RDU,15:30,15:24,117,97,-6,15:36,12,0,0,0,0,0
OH,03/25/2019,5295,N524AE,DCA,17:15,17:10,89,58,-5,17:22,12,0,0,0,0,0
OH,03/26/2018,5019,N545PB,DCA,21:30,21:24,85,74,-6,21:47,23,0,0,0,0,0
OH,03/26/2019,5040,N521AE,RDU,15:30,16:27,117,99,57,16:44,17,0,0,0,0,39
OH,03/26/2019,5295,N517AE,DCA,17:15,19:17,89,81,122,19:28,11,0,0,0,0,114
OH,03/27/2018,5019,N502AE,DCA,21:30,21:27,85,68,-3,21:45,18,0,0,0,0,0
OH,03/27/2019,5040,N534AE,RDU,15:30,15:26,117,104,-4,15:51,25,0,0,0,0,0
OH,03/27/2019,5295,N515AE,DCA,17:15,17:13,89,69,-2,17:32,19,0,0,0,0,0
OH,03/28/2018,5019,N534EA,DCA,21:30,22:45,85,58,75,22:58,13,0,0,0,0,48
OH,03/28/2019,5040,N508AE,RDU,15:30,15:25,117,91,-5,15:44,19,0,0,0,0,0
OH,03/28/2019,5295,N515AE,DCA,17:15,17:07,89,74,-8,17:32,25,0,0,0,0,0
OH,03/29/2018,5019,N725PS,DCA,21:30,23:27,85,71,117,23:44,17,0,0,0,0,103
OH,03/29/2019,5040,N500AE,RDU,15:30,15:29,117,91,-1,15:40,11,0,0,0,0,0
OH,03/29/2019,5295,N537EA,DCA,17:15,17:14,89,79,-1,17:41,27,0,0,0,0,0
OH,03/30/2018,5019,N502AE,DCA,21:30,21:34,85,89,4,22:06,32,0,0,0,0,0
OH,03/30/2019,5016,N511AE,DCA,11:14,11:08,78,65,-6,11:24,16,0,0,0,0,0
OH,03/30/2019,5040,N511AE,RDU,15:22,15:21,117,99,-1,15:41,20,0,0,0,0,0
OH,03/31/2018,5019,N530EA,DCA,21:30,21:29,85,73,-1,21:46,17,0,0,0,0,0
OH,03/31/2019,5040,N500AE,RDU,15:30,15:30,117,124,0,16:08,38,0,0,0,0,0
OH,03/31/2019,5295,N524AE,DCA,17:15,17:12,89,105,-3,17:48,36,0,0,0,0,0
OH,04-01-2018,5019,N705PS,DCA,21:30,21:54,85,75,24,22:06,12,0,0,0,0,0
OH,04-01-2019,5040,N539EA,RDU,15:30,15:30,117,104,0,15:50,20,0,0,0,0,0
OH,04-01-2019,5295,N521AE,DCA,17:15,17:13,89,69,-2,17:24,11,0,0,0,0,0
OH,04-02-2018,5019,N530EA,DCA,21:30,22:50,85,85,80,23:14,24,10,0,0,0,70
OH,04-02-2019,5040,N718PS,RDU,15:30,15:23,117,119,-7,15:41,18,0,0,0,0,0
OH,04-02-2019,5295,N723PS,DCA,17:39,17:30,89,98,-9,17:59,29,0,0,0,0,0
OH,04-03-2018,5080,N220PS,DCA,09:59,09:54,79,74,-5,10:12,18,0,0,0,0,0
OH,04-03-2019,5040,N504AE,RDU,15:30,15:30,117,113,0,16:05,35,0,0,0,0,0
OH,04-03-2019,5295,N545PB,DCA,17:39,00:00,89,0,0,00:00,0,0,0,0,0,0
OH,04-04-2018,5080,N215PS,DCA,09:59,00:00,89,0,0,00:00,0,0,0,0,0,0
OH,04-04-2019,5040,N515AE,RDU,15:30,15:29,117,89,-1,15:44,15,0,0,0,0,0
OH,04-04-2019,5295,N506AE,DCA,17:39,17:36,89,84,-3,18:08,32,0,0,0,0,0
OH,04-05-2018,5080,N247JS,DCA,09:59,09:58,79,71,-1,10:17,19,0,0,0,0,0
OH,04-05-2019,5040,N710PS,RDU,15:30,15:23,117,120,-7,15:57,34,0,0,0,0,0
OH,04-05-2019,5295,N539EA,DCA,17:39,17:39,89,89,0,18:16,37,0,0,0,0,0
OH,04-06-2018,5080,N248PS,DCA,09:59,09:59,79,79,0,10:22,23,0,0,0,0,0
OH,04-06-2018,5085,N215PS,DCA,21:40,23:55,83,66,135,00:14,19,21,0,0,0,97
OH,04-06-2019,5016,N504AE,DCA,11:10,11:10,76,61,0,11:24,14,0,0,0,0,0
OH,04-06-2019,5040,N706PS,RDU,15:30,15:30,117,99,0,15:49,19,0,0,0,0,0
OH,04-07-2019,5040,N720PS,RDU,15:30,15:30,117,143,0,16:22,52,0,0,26,0,0
OH,04-07-2019,5295,N534AE,DCA,17:39,17:34,89,104,-5,18:23,49,0,0,0,0,0
OH,04-08-2018,5035,N209PS,DCA,17:27,17:28,88,62,1,17:45,17,0,0,0,0,0
OH,04-08-2018,5080,N223JS,DCA,09:59,09:53,79,64,-6,10:07,14,0,0,0,0,0
OH,04-08-2019,5040,N706PS,RDU,15:30,15:28,117,143,-2,15:42,14,0,0,24,0,0
OH,04-08-2019,5295,N716PS,DCA,17:39,17:32,89,71,-7,17:45,13,0,0,0,0,0
OH,04-09-2018,5080,N245PS,DCA,09:59,09:59,79,75,0,10:20,21,0,0,0,0,0
OH,04-09-2019,5040,N500AE,RDU,15:30,15:20,117,102,-10,15:42,22,0,0,0,0,0
OH,04-09-2019,5295,N524AE,DCA,17:39,17:34,89,79,-5,18:01,27,0,0,0,0,0
OH,04-10-2018,5080,N215PS,DCA,09:59,09:52,79,73,-7,10:10,18,0,0,0,0,0
OH,04-10-2019,5040,N526EA,RDU,15:30,15:23,117,99,-7,15:37,14,0,0,0,0,0
OH,04-10-2019,5295,N506AE,DCA,17:39,17:28,89,59,-11,17:42,14,0,0,0,0,0
OH,04-11-2018,5080,N213PS,DCA,09:59,10:00,79,76,1,10:24,24,0,0,0,0,0
OH,04-11-2019,5040,N519AE,RDU,15:30,15:36,117,111,6,16:13,37,0,0,0,0,0
OH,04-11-2019,5295,N517AE,DCA,17:39,17:33,89,71,-6,17:49,16,0,0,0,0,0
OH,04-12-2018,5080,N230PS,DCA,09:59,09:57,79,74,-2,10:20,23,0,0,0,0,0
OH,04-12-2019,5040,N506AE,RDU,15:30,15:27,117,161,-3,16:29,62,0,0,41,0,0
OH,04-12-2019,5295,N519AE,DCA,17:39,17:37,89,132,-2,18:55,78,0,0,41,0,0
OH,04/13/2018,5080,N250PS,DCA,09:59,09:57,79,69,-2,10:14,17,0,0,0,0,0
OH,04/13/2018,5085,N250PS,DCA,21:40,21:40,83,56,0,21:49,9,0,0,0,0,0
OH,04/13/2019,5016,N702PS,DCA,11:10,11:44,76,73,34,12:06,22,0,0,0,0,31
OH,04/13/2019,5040,N702PS,RDU,15:30,15:25,117,110,-5,15:48,23,0,0,0,0,0
OH,04/14/2019,5040,N540EA,RDU,15:30,15:24,117,112,-6,15:55,31,0,0,0,0,0
OH,04/14/2019,5295,N519AE,DCA,17:39,17:39,89,132,0,18:27,48,0,0,43,0,0
OH,04/15/2018,5035,N247JS,DCA,17:27,18:04,88,115,37,18:49,45,0,0,45,0,19
OH,04/15/2018,5080,N254PS,DCA,09:59,10:19,79,66,20,10:34,15,0,0,0,0,0
OH,04/15/2019,5040,N709PS,RDU,15:30,15:30,117,153,0,16:43,73,0,0,36,0,0
OH,04/15/2019,5295,N703PS,DCA,17:39,00:00,89,0,0,00:00,0,0,0,0,0,0
OH,04/16/2018,5080,N261PS,DCA,09:59,00:00,89,0,0,00:00,0,0,0,0,0,0
OH,04/16/2019,5040,N504AE,RDU,15:30,15:28,117,92,-2,15:44,16,0,0,0,0,0
OH,04/16/2019,5295,N709PS,DCA,17:39,17:38,89,76,-1,17:51,13,0,0,0,0,0
OH,04/17/2018,5080,N256PS,DCA,09:59,10:25,79,70,26,10:45,20,4,0,0,0,13
OH,04/17/2019,5040,N546FF,RDU,15:30,15:30,117,103,0,15:58,28,0,0,0,0,0
OH,04/17/2019,5295,N702PS,DCA,17:39,17:33,89,86,-6,17:50,17,0,0,0,0,0
OH,04/18/2018,5080,N245PS,DCA,09:59,10:15,79,72,16,10:33,18,0,0,0,0,0
OH,04/18/2019,5040,N511AE,RDU,15:30,15:27,117,131,-3,16:14,47,0,0,0,0,0
OH,04/18/2019,5295,N502AE,DCA,17:39,17:46,89,105,7,18:36,50,7,0,16,0,0
OH,04/19/2018,5080,N245PS,DCA,09:59,12:25,79,70,146,12:41,16,19,0,0,0,118
OH,04/19/2019,5040,N520DC,RDU,15:30,18:11,117,128,161,18:26,15,0,161,11,0,0
OH,04/19/2019,5295,N709PS,DCA,17:39,00:00,89,0,0,00:00,0,0,0,0,0,0
OH,04/20/2018,5080,N215PS,DCA,09:59,09:54,79,79,-5,10:25,31,0,0,0,0,0
OH,04/20/2018,5085,N237PS,DCA,21:40,22:41,83,58,61,22:56,15,1,0,0,0,35
OH,04/20/2019,5016,N709PS,DCA,11:10,11:12,76,65,2,11:29,17,0,0,0,0,0
OH,04/20/2019,5040,N709PS,RDU,15:30,15:29,117,130,-1,15:51,22,0,0,0,0,0
OH,04/21/2019,5040,N516AE,RDU,15:30,15:20,117,120,-10,15:57,37,0,0,0,0,0
OH,04/21/2019,5295,N705PS,DCA,17:39,17:30,89,91,-9,18:07,37,0,0,0,0,0
OH,04/22/2018,5035,N254PS,DCA,17:27,17:33,88,86,6,18:08,35,0,0,0,0,0
OH,04/22/2018,5080,N216PS,DCA,09:59,09:55,79,77,-4,10:23,28,0,0,0,0,0
OH,04/22/2019,5040,N718PS,RDU,15:30,15:30,117,85,0,15:41,11,0,0,0,0,0
OH,04/22/2019,5295,N537EA,DCA,17:39,17:32,89,68,-7,17:50,18,0,0,0,0,0
OH,04/23/2018,5080,N223JS,DCA,09:59,10:16,79,68,17,10:32,16,0,0,0,0,0
OH,04/23/2019,5040,N712PS,RDU,15:30,15:27,117,97,-3,15:54,27,0,0,0,0,0
OH,04/23/2019,5295,N546FF,DCA,17:39,17:35,89,70,-4,17:49,14,0,0,0,0,0
OH,04/24/2018,5080,N250PS,DCA,09:59,09:57,79,84,-2,10:13,16,0,0,0,0,0
OH,04/24/2019,5040,N515AE,RDU,15:30,15:23,117,96,-7,15:38,15,0,0,0,0,0
OH,04/24/2019,5295,N534AE,DCA,17:39,17:29,89,65,-10,17:43,14,0,0,0,0,0
OH,04/25/2018,5080,N206PS,DCA,09:59,10:13,79,70,14,10:33,20,0,0,0,0,0
OH,04/25/2019,5040,N703PS,RDU,15:30,15:20,117,94,-10,15:39,19,0,0,0,0,0
OH,04/25/2019,5295,N537EA,DCA,17:39,17:32,89,97,-7,18:01,29,0,0,0,0,0
OH,04/26/2018,5080,N259PS,DCA,09:59,09:57,79,75,-2,10:20,23,0,0,0,0,0
OH,04/26/2019,5040,N530EA,RDU,15:30,00:00,117,0,0,00:00,0,0,0,0,0,0
OH,04/26/2019,5295,N720PS,DCA,17:39,18:36,89,152,57,19:55,79,8,0,63,0,49
OH,04/27/2018,5080,N253PS,DCA,09:59,11:14,79,76,75,11:37,23,0,0,0,0,72
OH,04/27/2018,5085,N253PS,DCA,21:40,21:42,83,72,2,22:09,27,0,0,0,0,0
OH,04/27/2019,5016,N520DC,DCA,11:10,11:04,76,67,-6,11:25,21,0,0,0,0,0
OH,04/27/2019,5040,N520DC,RDU,15:30,18:25,117,95,175,18:45,20,0,0,0,0,153
OH,04/28/2019,5040,N521AE,RDU,15:30,18:15,117,117,165,18:30,15,0,0,0,0,165
OH,04/28/2019,5295,N514AE,DCA,17:39,17:31,89,67,-8,17:46,15,0,0,0,0,0
OH,04/29/2018,5035,N207PS,DCA,17:27,17:25,88,79,-2,17:53,28,0,0,0,0,0
OH,04/29/2018,5080,N213PS,DCA,09:59,09:59,79,71,0,10:18,19,0,0,0,0,0
OH,04/29/2019,5040,N537EA,RDU,15:30,15:21,117,96,-9,15:37,16,0,0,0,0,0
OH,04/29/2019,5295,N512AE,DCA,17:39,17:30,89,101,-9,18:02,32,0,0,0,0,0
OH,04/30/2018,5080,N242JS,DCA,09:59,09:54,79,65,-5,10:09,15,0,0,0,0,0
OH,04/30/2019,5040,N702PS,RDU,15:30,15:21,117,97,-9,15:43,22,0,0,0,0,0
OH,04/30/2019,5295,N522AE,DCA,17:39,17:27,89,74,-12,17:40,13,0,0,0,0,0
OH,05-01-2018,5080,N237PS,DCA,09:59,09:54,79,72,-5,10:11,17,0,0,0,0,0
OH,05-01-2019,5040,N500AE,RDU,15:30,15:26,117,111,-4,15:59,33,0,0,0,0,0
OH,05-01-2019,5295,N534AE,DCA,17:39,17:34,89,92,-5,18:11,37,0,0,0,0,0
OH,05-02-2018,5080,N218PS,DCA,09:59,09:57,79,63,-2,10:13,16,0,0,0,0,0
OH,05-02-2019,5040,N703PS,RDU,15:30,15:57,117,130,27,16:30,33,0,0,13,0,27
OH,05-02-2019,5295,N515AE,DCA,17:39,20:00,89,119,141,20:54,54,0,0,171,0,0
OH,05-03-2018,5080,N241PS,DCA,09:59,09:56,79,93,-3,10:40,44,0,0,0,0,0
OH,10-04-2018,5040,N209PS,RDU,15:30,16:11,115,93,41,16:28,17,0,0,0,0,19
OH,10-04-2018,5221,N256PS,RDU,08:25,08:22,108,100,-3,08:48,26,0,0,0,0,0
OH,10-05-2018,5040,N246PS,RDU,15:30,15:36,115,111,6,16:05,29,0,0,0,0,0
OH,10-05-2018,5221,N209PS,RDU,08:25,08:24,108,95,-1,08:45,21,0,0,0,0,0
OH,10-06-2018,5040,N209PS,RDU,15:30,15:33,115,105,3,15:59,26,0,0,0,0,0
OH,10-06-2018,5221,N246PS,RDU,08:25,08:27,108,109,2,08:55,28,0,0,0,0,0
OH,10-07-2018,5040,N249PS,RDU,15:30,15:30,115,119,0,16:09,39,0,0,0,0,0
OH,10-07-2018,5221,N209PS,RDU,08:25,08:32,108,92,7,08:51,19,0,0,0,0,0
OH,10-08-2018,5040,N258PS,RDU,15:30,16:15,115,114,45,16:41,26,0,0,0,0,44
OH,10-08-2018,5221,N245PS,RDU,08:25,08:19,108,99,-6,08:39,20,0,0,0,0,0
OH,10-09-2018,5040,N207PS,RDU,15:30,15:28,115,101,-2,15:50,22,0,0,0,0,0
OH,10-09-2018,5221,N249PS,RDU,08:25,08:47,108,97,22,09:02,15,0,0,0,0,0
OH,10-10-2018,5040,N221PS,RDU,15:30,00:00,115,0,0,00:00,0,0,0,0,0,0
OH,10-10-2018,5221,N216PS,RDU,08:25,08:21,108,103,-4,08:44,23,0,0,0,0,0
OH,10-11-2018,5040,N257PS,RDU,15:30,00:00,115,0,0,00:00,0,0,0,0,0,0
OH,10-11-2018,5221,N221PS,RDU,08:25,09:59,108,150,94,10:41,42,0,0,136,0,0
OH,10-12-2018,5040,N244PS,RDU,15:30,15:30,115,115,0,16:01,31,0,0,0,0,0
OH,10-12-2018,5221,N257PS,RDU,08:25,08:23,108,132,-2,09:09,46,0,0,22,0,0
OH,10/13/2018,5040,N246PS,RDU,15:30,15:26,115,94,-4,15:42,16,0,0,0,0,0
OH,10/13/2018,5221,N260JS,RDU,08:25,08:24,108,119,-1,08:58,34,0,0,0,0,0
OH,10/14/2018,5040,N215PS,RDU,15:30,15:29,115,131,-1,16:15,46,0,0,15,0,0
OH,10/14/2018,5221,N246PS,RDU,08:25,08:21,108,105,-4,08:40,19,0,0,0,0,0
OH,10/15/2018,5040,N230PS,RDU,15:30,16:14,115,110,44,16:36,22,0,0,0,0,39
OH,10/15/2018,5221,N202PS,RDU,08:25,08:25,108,104,0,08:49,24,0,0,0,0,0
OH,10/16/2018,5040,N202PS,RDU,15:30,15:25,115,117,-5,15:52,27,0,0,0,0,0
OH,10/16/2018,5221,N253PS,RDU,08:25,08:22,108,123,-3,09:01,39,0,0,0,0,0
OH,10/17/2018,5040,N256PS,RDU,15:30,15:27,115,121,-3,16:00,33,0,0,0,0,0
OH,10/17/2018,5221,N202PS,RDU,08:25,08:19,108,106,-6,08:39,20,0,0,0,0,0
OH,10/18/2018,5040,N230PS,RDU,15:30,15:48,115,148,18,16:58,70,0,0,33,0,18
OH,10/18/2018,5221,N256PS,RDU,08:25,08:21,108,115,-4,08:54,33,0,0,0,0,0
OH,10/19/2018,5040,N209PS,RDU,15:30,15:29,115,100,-1,15:51,22,0,0,0,0,0
OH,10/19/2018,5221,N247JS,RDU,08:25,08:23,108,89,-2,08:37,14,0,0,0,0,0
OH,10/20/2018,5040,N248PS,RDU,15:30,15:28,115,112,-2,15:51,23,0,0,0,0,0
OH,10/20/2018,5221,N220PS,RDU,08:25,08:20,108,99,-5,08:37,17,0,0,0,0,0
OH,10/21/2018,5040,N250PS,RDU,15:30,15:22,115,110,-8,15:51,29,0,0,0,0,0
OH,10/21/2018,5221,N248PS,RDU,08:25,08:25,108,110,0,08:50,25,0,0,0,0,0
OH,10/22/2018,5040,N241PS,RDU,15:30,15:25,115,119,-5,16:06,41,0,0,0,0,0
OH,10/22/2018,5221,N209PS,RDU,08:25,08:19,108,99,-6,08:40,21,0,0,0,0,0
OH,10/23/2018,5040,N259PS,RDU,15:30,15:24,115,94,-6,15:41,17,0,0,0,0,0
OH,10/23/2018,5221,N241PS,RDU,08:25,08:21,108,98,-4,08:36,15,0,0,0,0,0
OH,10/24/2018,5040,N226JS,RDU,15:30,15:30,115,114,0,15:56,26,0,0,0,0,0
OH,10/24/2018,5221,N258PS,RDU,08:25,08:16,108,119,-9,08:52,36,0,0,0,0,0
OH,10/25/2018,5040,N230PS,RDU,15:30,15:28,115,146,-2,16:23,55,0,0,29,0,0
OH,10/25/2018,5221,N209PS,RDU,08:25,08:23,108,97,-2,08:37,14,0,0,0,0,0
OH,10/26/2018,5040,N251PS,RDU,15:30,15:30,115,112,0,15:50,20,0,0,0,0,0
OH,10/26/2018,5221,N218PS,RDU,08:25,08:21,108,108,-4,08:42,21,0,0,0,0,0
OH,10/27/2018,5040,N249PS,RDU,15:30,15:25,115,114,-5,15:52,27,0,0,0,0,0
OH,10/27/2018,5221,N248PS,RDU,08:25,08:24,108,167,-1,09:35,71,0,0,58,0,0
OH,10/28/2018,5040,N209PS,RDU,15:30,16:24,115,95,54,16:37,13,0,0,0,0,34
OH,10/28/2018,5221,N248PS,RDU,08:25,08:23,108,97,-2,08:37,14,0,0,0,0,0
OH,10/29/2018,5040,N220PS,RDU,15:30,17:11,115,106,101,17:36,25,92,0,0,0,0
OH,10/29/2018,5221,N209PS,RDU,08:25,08:19,108,100,-6,08:31,12,0,0,0,0,0
OH,10/30/2018,5040,N223JS,RDU,15:30,15:26,115,89,-4,15:41,15,0,0,0,0,0
OH,10/30/2018,5221,N256PS,RDU,08:25,08:21,108,84,-4,08:33,12,0,0,0,0,0
OH,10/31/2018,5040,N237PS,RDU,15:30,15:24,115,90,-6,15:36,12,0,0,0,0,0
OH,10/31/2018,5221,N254PS,RDU,08:25,08:18,108,89,-7,08:32,14,0,0,0,0,0
OH,11-01-2018,5040,N220PS,RDU,15:30,15:27,115,122,-3,15:52,25,0,0,0,0,0
OH,11-01-2018,5221,N218PS,RDU,08:25,08:21,108,89,-4,08:33,12,0,0,0,0,0
OH,11-02-2018,5040,N258PS,RDU,15:30,15:28,115,125,-2,15:59,31,0,0,0,0,0
OH,11-02-2018,5221,N259PS,RDU,08:25,08:22,108,114,-3,08:50,28,0,0,0,0,0
OH,11-03-2018,5040,N242JS,RDU,15:30,15:27,115,122,-3,15:58,31,0,0,0,0,0
OH,11-03-2018,5221,N258PS,RDU,08:25,08:20,108,136,-5,09:05,45,0,0,23,0,0
OH,11-04-2018,5040,N509AE,RDU,15:30,15:26,120,98,-4,15:40,14,0,0,0,0,0
OH,11-04-2018,5221,N242JS,RDU,08:19,08:12,116,99,-7,08:26,14,0,0,0,0,0
OH,11-04-2018,5444,N513AE,DCA,17:15,17:08,88,64,-7,17:24,16,0,0,0,0,0
OH,11-05-2018,5040,N505AE,RDU,15:30,15:30,120,105,0,15:47,17,0,0,0,0,0
OH,11-05-2018,5221,N237PS,RDU,08:19,08:31,116,120,12,09:04,33,5,0,4,0,7
OH,11-05-2018,5444,N503AE,DCA,17:15,17:27,88,74,12,17:44,17,0,0,0,0,0
OH,11-06-2018,5040,N540EA,RDU,15:30,16:18,120,142,48,16:56,38,0,0,22,0,48
OH,11-06-2018,5221,N256PS,RDU,08:19,09:31,116,118,72,09:49,18,72,0,2,0,0
OH,11-06-2018,5444,N708PS,DCA,17:15,17:43,88,78,28,17:50,7,0,0,6,0,12
OH,11-07-2018,5040,N507AE,RDU,15:30,15:28,120,109,-2,15:48,20,0,0,0,0,0
OH,11-07-2018,5221,N250PS,RDU,08:19,08:13,116,97,-6,08:28,15,0,0,0,0,0
OH,11-07-2018,5444,N710PS,DCA,17:15,17:39,88,84,24,18:01,22,0,0,0,0,20
OH,11-08-2018,5040,N725PS,RDU,15:30,15:26,120,120,-4,15:54,28,0,0,0,0,0
OH,11-08-2018,5221,N207PS,RDU,08:19,08:19,116,110,0,08:42,23,0,0,0,0,0
OH,11-08-2018,5444,N503AE,DCA,17:15,17:15,88,94,0,17:47,32,0,0,0,0,0
OH,11-09-2018,5040,N725PS,RDU,15:30,15:29,120,116,-1,15:59,30,0,0,0,0,0
OH,11-09-2018,5221,N228PS,RDU,08:19,08:12,116,111,-7,08:32,20,0,0,0,0,0
OH,11-09-2018,5444,N504AE,DCA,17:15,17:15,88,108,0,18:01,46,0,0,20,0,0
OH,11-10-2018,5040,N725PS,RDU,15:30,15:30,120,119,0,16:00,30,0,0,0,0,0
OH,11-10-2018,5221,N254PS,RDU,08:19,09:04,116,130,45,09:22,18,45,0,14,0,0
OH,11-10-2018,5502,N725PS,DCA,10:51,10:51,80,80,0,11:19,28,0,0,0,0,0
OH,11-11-2018,5040,N530EA,RDU,15:30,15:30,120,0,0,15:53,23,0,0,0,0,0
OH,11-11-2018,5221,N258PS,RDU,08:19,08:18,116,96,-1,08:33,15,0,0,0,0,0
OH,11-11-2018,5444,N708PS,DCA,17:15,17:13,88,62,-2,17:26,13,0,0,0,0,0
OH,11-12-2018,5040,N712PS,RDU,15:30,15:28,120,112,-2,15:43,15,0,0,0,0,0
OH,11-12-2018,5221,N223JS,RDU,08:19,08:14,116,102,-5,08:29,15,0,0,0,0,0
OH,11-12-2018,5444,N504AE,DCA,17:15,17:14,88,72,-1,17:34,20,0,0,0,0,0
OH,11/13/2018,5040,N710PS,RDU,15:30,15:26,120,129,-4,15:56,30,0,0,0,0,0
OH,11/13/2018,5221,N258PS,RDU,08:19,08:18,116,110,-1,08:34,16,0,0,0,0,0
OH,11/13/2018,5444,N705PS,DCA,17:15,17:30,88,107,15,18:09,39,0,0,34,0,0
OH,11/14/2018,5040,N505AE,RDU,15:30,15:24,120,112,-6,15:43,19,0,0,0,0,0
OH,11/14/2018,5221,N245PS,RDU,08:19,08:14,116,134,-5,08:50,36,0,0,0,0,0
OH,11/14/2018,5444,N500AE,DCA,17:15,18:09,88,66,54,18:24,15,0,0,0,0,32
OH,11/15/2018,5040,N516AE,RDU,15:30,00:00,120,0,0,00:00,0,0,0,0,0,0
OH,11/15/2018,5221,N218PS,RDU,08:19,08:27,116,118,8,08:53,26,0,0,0,0,0
OH,11/15/2018,5444,N705PS,DCA,17:15,00:00,88,0,0,00:00,0,0,0,0,0,0
OH,11/16/2018,5040,N505AE,RDU,15:30,15:26,120,128,-4,16:07,41,0,0,0,0,0
OH,11/16/2018,5221,N206PS,RDU,08:19,08:33,116,107,14,08:51,18,0,0,0,0,0
OH,11/16/2018,5444,N706PS,DCA,17:15,18:11,88,63,56,18:23,12,0,0,1,0,30
OH,11/17/2018,5040,N566NN,RDU,15:30,15:30,120,116,0,15:58,28,0,0,0,0,0
OH,11/17/2018,5221,N258PS,RDU,08:19,08:38,116,121,19,09:15,37,0,0,5,0,19
OH,11/17/2018,5502,N566NN,DCA,10:51,11:17,80,72,26,11:38,21,0,0,0,0,18
OH,11/18/2018,5040,N703PS,RDU,15:30,15:27,120,112,-3,15:52,25,0,0,0,0,0
OH,11/18/2018,5221,N258PS,RDU,08:19,08:19,116,110,0,08:46,27,0,0,0,0,0
OH,11/18/2018,5444,N544AE,DCA,17:15,17:15,88,74,0,17:33,18,0,0,0,0,0
OH,11/19/2018,5040,N504AE,RDU,15:30,15:30,120,103,0,15:52,22,0,0,0,0,0
OH,11/19/2018,5221,N230PS,RDU,08:19,08:13,116,97,-6,08:25,12,0,0,0,0,0
OH,11/19/2018,5444,N703PS,DCA,17:15,17:06,88,64,-9,17:18,12,0,0,0,0,0
OH,11/20/2018,5040,N725PS,RDU,15:30,15:23,120,117,-7,15:49,26,0,0,0,0,0
OH,11/20/2018,5221,N246PS,RDU,08:19,08:18,116,110,-1,08:41,23,0,0,0,0,0
OH,11/20/2018,5444,N709PS,DCA,17:15,17:10,88,72,-5,17:29,19,0,0,0,0,0
OH,11/21/2018,5040,N511AE,RDU,15:30,15:27,120,97,-3,15:45,18,0,0,0,0,0
OH,11/21/2018,5221,N218PS,RDU,08:19,08:56,116,94,37,09:12,16,0,0,0,0,15
OH,11/21/2018,5444,N708PS,DCA,17:15,17:52,88,108,37,18:09,17,37,0,20,0,0
OH,11/22/2018,5040,N511AE,RDU,15:30,15:28,120,102,-2,15:51,23,0,0,0,0,0
OH,11/23/2018,5040,N516AE,RDU,15:30,15:26,120,95,-4,15:42,16,0,0,0,0,0
OH,11/24/2018,5040,N516AE,RDU,15:30,15:44,120,95,14,16:02,18,0,0,0,0,0
OH,11/24/2018,5221,N261PS,RDU,08:19,08:17,116,114,-2,08:41,24,0,0,0,0,0
OH,11/24/2018,5502,N516AE,DCA,10:51,10:46,80,67,-5,11:03,17,0,0,0,0,0
OH,11/25/2018,5040,N507AE,RDU,14:20,14:19,113,91,-1,14:33,14,0,0,0,0,0
OH,11/25/2018,5221,N220PS,RDU,08:19,08:10,116,106,-9,08:39,29,0,0,0,0,0
OH,11/25/2018,5424,N261PS,RDU,19:10,22:44,118,112,214,23:15,31,0,0,0,0,208
OH,11/25/2018,5444,N509AE,DCA,17:15,17:15,88,85,0,17:46,31,0,0,0,0,0
OH,11/26/2018,5040,N519AE,RDU,15:30,16:44,120,108,74,17:08,24,0,0,0,0,62
OH,11/26/2018,5221,N223JS,RDU,08:19,08:17,116,98,-2,08:31,14,0,0,0,0,0
OH,11/26/2018,5444,N506AE,DCA,17:15,00:00,88,0,0,00:00,0,0,0,0,0,0
OH,11/27/2018,5040,N506AE,RDU,15:30,15:27,120,101,-3,15:47,20,0,0,0,0,0
OH,11/27/2018,5221,N206PS,RDU,08:19,09:17,116,105,58,09:34,17,0,0,0,0,47
OH,11/27/2018,5444,N510AE,DCA,17:15,17:36,88,62,21,17:52,16,0,0,0,0,0
OH,11/28/2018,5040,N718PS,RDU,15:30,17:07,120,90,97,17:21,14,58,0,0,0,9
OH,11/28/2018,5221,N258PS,RDU,08:19,08:30,116,113,11,09:08,38,0,0,0,0,0
OH,11/28/2018,5444,N512AE,DCA,17:15,17:10,88,88,-5,17:36,26,0,0,0,0,0
OH,11/29/2018,5040,N718PS,RDU,15:30,15:30,120,117,0,16:05,35,0,0,0,0,0
OH,11/29/2018,5221,N242JS,RDU,08:19,08:13,116,117,-6,08:52,39,0,0,0,0,0
OH,11/29/2018,5444,N545PB,DCA,17:15,17:10,88,66,-5,17:27,17,0,0,0,0,0
OH,11/30/2018,5040,N530EA,RDU,15:30,15:24,120,114,-6,16:00,36,0,0,0,0,0
OH,11/30/2018,5221,N258PS,RDU,08:19,08:14,116,118,-5,08:52,38,0,0,0,0,0
OH,11/30/2018,5444,N504AE,DCA,17:15,17:10,88,65,-5,17:22,12,0,0,0,0,0
OH,12-01-2018,5040,N530EA,RDU,15:30,15:29,120,99,-1,15:41,12,0,0,0,0,0
OH,12-01-2018,5221,N262PS,RDU,08:19,08:22,116,92,3,08:40,18,0,0,0,0,0
OH,12-01-2018,5502,N530EA,DCA,10:51,10:51,80,72,0,11:15,24,0,0,0,0,0
OH,12-02-2018,5040,N513AE,RDU,15:30,17:35,120,110,125,17:59,24,0,0,0,0,115
OH,12-02-2018,5221,N262PS,RDU,08:19,08:13,116,116,-6,08:45,32,0,0,0,0,0
OH,12-02-2018,5444,N539EA,DCA,17:15,19:08,88,85,113,19:29,21,0,0,39,0,71
OH,12-03-2018,5040,N514AE,RDU,15:30,15:22,120,104,-8,15:41,19,0,0,0,0,0
OH,12-03-2018,5221,N206PS,RDU,08:19,08:29,116,105,10,08:46,17,0,0,0,0,0
OH,12-03-2018,5444,N518AE,DCA,17:15,17:15,88,78,0,17:30,15,0,0,0,0,0
OH,12-04-2018,5040,N511AE,RDU,15:30,15:18,120,103,-12,15:37,19,0,0,0,0,0
OH,12-04-2018,5221,N242JS,RDU,08:19,08:18,116,105,-1,08:34,16,0,0,0,0,0
OH,12-04-2018,5444,N716PS,DCA,17:15,17:14,88,65,-1,17:28,14,0,0,0,0,0
OH,12-05-2018,5040,N720PS,RDU,15:30,15:23,120,102,-7,15:44,21,0,0,0,0,0
OH,12-05-2018,5221,N241PS,RDU,08:19,08:19,116,120,0,08:44,25,0,0,0,0,0
OH,12-05-2018,5444,N702PS,DCA,17:15,17:15,88,65,0,17:28,13,0,0,0,0,0
OH,12-06-2018,5040,N720PS,RDU,15:30,15:30,120,110,0,15:59,29,0,0,0,0,0
OH,12-06-2018,5221,N221PS,RDU,08:19,08:44,116,107,25,09:06,22,9,0,0,0,7
OH,12-06-2018,5444,N508AE,DCA,17:15,17:15,88,65,0,17:28,13,0,0,0,0,0
OH,12-07-2018,5040,N514AE,RDU,15:30,15:25,120,116,-5,15:49,24,0,0,0,0,0
OH,12-07-2018,5221,N220PS,RDU,08:19,08:19,116,117,0,08:49,30,0,0,0,0,0
OH,12-07-2018,5444,N518AE,DCA,17:15,17:32,88,79,17,17:43,11,0,0,0,0,0
OH,12-08-2018,5040,N514AE,RDU,15:30,15:26,120,124,-4,16:02,36,0,0,0,0,0
OH,12-08-2018,5221,N237PS,RDU,08:19,08:17,116,110,-2,08:34,17,0,0,0,0,0
OH,12-08-2018,5502,N514AE,DCA,10:51,10:58,80,63,7,11:13,15,0,0,0,0,0
OH,12-09-2018,5040,N515AE,RDU,15:30,00:00,120,0,0,00:00,0,0,0,0,0,0
OH,12-09-2018,5221,,RDU,08:19,00:00,116,0,0,00:00,0,0,0,0,0,0
OH,12-09-2018,5444,N546FF,DCA,17:15,17:12,88,60,-3,17:26,14,0,0,0,0,0
OH,12-10-2018,5040,N514AE,RDU,15:30,15:30,120,106,0,15:51,21,0,0,0,0,0
OH,12-10-2018,5221,,RDU,08:19,00:00,116,0,0,00:00,0,0,0,0,0,0
OH,12-10-2018,5444,N520DC,DCA,17:15,17:15,88,58,0,17:30,15,0,0,0,0,0
OH,12-11-2018,5040,N514AE,RDU,15:30,15:22,120,95,-8,15:41,19,0,0,0,0,0
OH,12-11-2018,5221,N259PS,RDU,08:19,08:14,116,101,-5,08:34,20,0,0,0,0,0
OH,12-11-2018,5444,N511AE,DCA,17:15,17:11,88,66,-4,17:26,15,0,0,0,0,0
OH,12-12-2018,5040,N514AE,RDU,15:30,15:29,120,101,-1,15:53,24,0,0,0,0,0
OH,12-12-2018,5221,N256PS,RDU,08:19,08:44,116,90,25,09:03,19,0,0,0,0,0
OH,12-12-2018,5444,N508AE,DCA,17:15,17:08,88,77,-7,17:35,27,0,0,0,0,0
OH,12/13/2018,5040,N514AE,RDU,15:30,15:30,120,148,0,16:12,42,0,0,28,0,0
OH,12/13/2018,5221,N253PS,RDU,08:19,08:31,116,117,12,09:13,42,0,0,0,0,0
OH,12/13/2018,5444,N508AE,DCA,17:15,17:15,88,57,0,17:26,11,0,0,0,0,0
OH,12/14/2018,5040,N509AE,RDU,15:30,15:30,120,112,0,15:58,28,0,0,0,0,0
OH,12/14/2018,5221,N259PS,RDU,08:19,08:26,116,100,7,08:40,14,0,0,0,0,0
OH,12/14/2018,5444,N716PS,DCA,17:15,17:28,88,74,13,17:48,20,0,0,0,0,0
OH,12/15/2018,5040,N509AE,RDU,15:30,15:24,120,108,-6,15:48,24,0,0,0,0,0
OH,12/15/2018,5221,N253PS,RDU,08:19,08:23,116,116,4,08:56,33,0,0,0,0,0
OH,12/15/2018,5502,N509AE,DCA,10:51,10:49,80,68,-2,11:06,17,0,0,0,0,0
OH,12/16/2018,5040,N509AE,RDU,15:30,16:41,120,95,71,17:02,21,0,0,0,0,46
OH,12/16/2018,5221,N247JS,RDU,08:19,08:40,116,109,21,09:12,32,0,0,0,0,0
OH,12/16/2018,5444,N716PS,DCA,17:15,17:15,88,68,0,17:31,16,0,0,0,0,0
OH,12/17/2018,5040,N510AE,RDU,15:30,15:25,120,88,-5,15:39,14,0,0,0,0,0
OH,12/17/2018,5221,N260JS,RDU,08:19,08:13,116,121,-6,08:58,45,0,0,0,0,0
OH,12/17/2018,5444,N709PS,DCA,17:15,17:13,88,80,-2,17:34,21,0,0,0,0,0
OH,12/18/2018,5040,N537EA,RDU,15:30,15:27,120,105,-3,15:57,30,0,0,0,0,0
OH,12/18/2018,5221,N250PS,RDU,08:19,08:15,116,108,-4,08:41,26,0,0,0,0,0
OH,12/18/2018,5444,N702PS,DCA,17:15,17:14,88,59,-1,17:26,12,0,0,0,0,0
OH,12/19/2018,5040,N530EA,RDU,15:30,15:24,124,104,-6,15:50,26,0,0,0,0,0
OH,12/19/2018,5186,N259PS,PIT,15:50,15:52,117,102,2,16:12,20,0,0,0,0,0
OH,12/19/2018,5295,N702PS,DCA,17:15,17:15,86,59,0,17:29,14,0,0,0,0,0
OH,12/19/2018,5511,N259PS,RDU,08:19,08:20,121,96,1,08:38,18,0,0,0,0,0
OH,12/20/2018,5040,N510AE,RDU,15:30,15:29,124,101,-1,15:44,15,0,0,0,0,0
OH,12/20/2018,5186,N253PS,PIT,15:50,15:49,117,105,-1,16:20,31,0,0,0,0,0
OH,12/20/2018,5295,N537EA,DCA,17:15,17:14,86,90,-1,17:36,22,0,0,0,0,0
OH,12/20/2018,5511,N253PS,RDU,08:19,08:17,121,132,-2,09:04,47,0,0,0,0,0
OH,12/21/2018,5040,N524EA,RDU,15:30,15:32,124,132,2,16:07,35,0,0,0,0,0
OH,12/21/2018,5186,N253PS,PIT,15:50,17:25,117,103,95,17:57,32,0,0,0,0,81
OH,12/21/2018,5295,N546FF,DCA,17:15,17:46,86,94,31,18:27,41,0,0,11,0,28
OH,12/21/2018,5511,N253PS,RDU,08:19,10:14,121,118,115,10:40,26,0,0,2,0,110
OH,12/22/2018,5040,N524EA,RDU,15:30,15:29,124,108,-1,16:00,31,0,0,0,0,0
OH,12/22/2018,5186,N253PS,PIT,15:50,15:55,117,98,5,16:19,24,0,0,0,0,0
OH,12/22/2018,5365,N524EA,DCA,10:51,10:45,81,56,-6,10:58,13,0,0,0,0,0
OH,12/22/2018,5511,N253PS,RDU,08:19,08:31,121,85,12,08:44,13,0,0,0,0,0
OH,12/23/2018,5040,N719PS,RDU,15:30,15:29,124,117,-1,16:02,33,0,0,0,0,0
OH,12/23/2018,5186,N230PS,PIT,15:50,15:43,117,99,-7,16:06,23,0,0,0,0,0
OH,12/23/2018,5295,N524EA,DCA,17:15,17:13,86,76,-2,17:26,13,0,0,0,0,0
OH,12/23/2018,5511,N230PS,RDU,08:19,08:32,121,95,13,08:44,12,0,0,0,0,0
OH,12/24/2018,5040,N502AE,RDU,15:30,15:29,124,115,-1,15:57,28,0,0,0,0,0
OH,12/24/2018,5153,N258PS,DCA,11:18,11:11,83,68,-7,11:28,17,0,0,0,0,0
OH,12/24/2018,5186,N249PS,PIT,15:50,15:50,117,106,0,16:09,19,0,0,0,0,0
OH,12/24/2018,5511,N249PS,RDU,08:19,08:16,121,97,-3,08:30,14,0,0,0,0,0
OH,12/25/2018,5040,N509AE,RDU,15:30,15:28,124,102,-2,15:46,18,0,0,0,0,0
OH,12/25/2018,5153,N249PS,DCA,11:18,11:22,83,65,4,11:37,15,0,0,0,0,0
OH,12/25/2018,5186,N245PS,PIT,15:50,15:47,117,89,-3,16:01,14,0,0,0,0,0
OH,12/25/2018,5511,N245PS,RDU,08:19,08:39,121,101,20,08:57,18,0,0,0,0,0
OH,12/26/2018,5040,N520DC,RDU,15:30,15:27,124,119,-3,16:07,40,0,0,0,0,0
OH,12/26/2018,5186,N242JS,PIT,15:50,15:49,117,112,-1,16:22,33,0,0,0,0,0
OH,12/26/2018,5295,N585NN,DCA,17:15,17:15,86,61,0,17:28,13,0,0,0,0,0
OH,12/26/2018,5511,N242JS,RDU,08:19,08:37,121,112,18,09:04,27,0,0,0,0,0
OH,12/27/2018,5040,N515AE,RDU,15:30,15:30,124,103,0,15:54,24,0,0,0,0,0
OH,12/27/2018,5186,N242JS,PIT,15:50,15:44,117,102,-6,16:01,17,0,0,0,0,0
OH,12/27/2018,5295,N725PS,DCA,17:15,17:12,86,65,-3,17:27,15,0,0,0,0,0
OH,12/27/2018,5511,N242JS,RDU,08:19,08:54,121,102,35,09:19,25,0,0,0,0,16
OH,12/28/2018,5040,N520DC,RDU,15:30,16:24,124,95,54,16:35,11,0,0,0,0,25
OH,12/28/2018,5186,N221PS,PIT,15:50,20:24,117,98,274,20:39,15,0,0,31,0,224
OH,12/28/2018,5295,N516AE,DCA,17:15,17:15,86,68,0,17:30,15,0,0,0,0,0
OH,12/28/2018,5511,N221PS,RDU,08:19,08:25,121,129,6,09:08,43,0,0,0,0,0
OH,12/29/2018,5040,N520DC,RDU,15:30,15:28,124,113,-2,16:01,33,0,0,0,0,0
OH,12/29/2018,5186,N209PS,PIT,15:50,15:47,117,113,-3,16:15,28,0,0,0,0,0
OH,12/29/2018,5365,N520DC,DCA,10:51,10:44,81,69,-7,11:04,20,0,0,0,0,0
OH,12/29/2018,5511,N209PS,RDU,08:19,08:22,121,108,3,08:46,24,0,0,0,0,0
OH,12/30/2018,5040,N502AE,RDU,15:30,15:27,124,110,-3,15:50,23,0,0,0,0,0
OH,12/30/2018,5186,N247JS,PIT,15:50,15:44,117,101,-6,16:08,24,0,0,0,0,0
OH,12/30/2018,5295,N719PS,DCA,17:15,17:09,86,68,-6,17:32,23,0,0,0,0,0
OH,12/30/2018,5511,N247JS,RDU,08:19,08:26,121,107,7,08:43,17,0,0,0,0,0
OH,12/31/2018,5186,N260JS,PIT,15:50,15:45,117,120,-5,16:10,25,0,0,0,0,0
OH,12/31/2018,5511,N260JS,RDU,08:19,08:16,121,120,-3,08:49,33,0,0,0,0,0
,,,,,,,,,,,,,,,,
 SOURCE: Bureau of Transportation Statistics,,,,,,,,,,,,,,,,
